"depth","mean_age","median_age","lo95","hi95","ci_width","acc_rate","sed_rate"
143,984.79141475,987.2465,809.430975,1065.7945,256.363525,10.5698303565925,0.330644242790929
144,995.361245106592,997.4651,830.9691525,1081.3764125,250.40726,10.5698303565925,0.330644242790929
145,1005.93107546319,1008.379,845.16874,1100.471576,255.302836,10.5698303565925,0.330644242790929
146,1016.50090581978,1018.1097555,857.88786425,1123.969265,266.08140075,10.5698303565925,0.330644242790929
147,1027.07073617637,1027.33476,870.186267,1146.691563,276.505296,10.5698303565925,0.330644242790929
148,1037.64056653296,1035.779225,879.41273875,1170.61625,291.20351125,10.151482097475,0.298670160659063
149,1047.79204863044,1046.88085,890.802227,1178.53588075,287.73365375,10.151482097475,0.298670160659063
150,1057.94353072791,1057.60729,901.51809625,1190.613928,289.09583175,10.151482097475,0.298670160659063
151,1068.09501282539,1067.15943,912.738001,1201.8435325,289.1055315,10.151482097475,0.298670160659063
152,1078.24649492286,1076.566025,920.26839225,1218.29190875,298.0235165,10.151482097475,0.298670160659063
153,1088.39797702034,1085.124175,931.96454625,1240.1885875,308.22404125,9.672822359175,0.327518282674417
154,1098.07079937951,1094.787958425,943.9438775,1250.987196,307.0433185,9.672822359175,0.327518282674417
155,1107.74362173869,1105.088095,957.08228,1263.13247675,306.05019675,9.672822359175,0.327518282674417
156,1117.41644409786,1115.2418525,967.05103925,1271.66087425,304.609835,9.672822359175,0.327518282674417
157,1127.08926645704,1124.6542425,977.023905,1282.8442975,305.8203925,9.672822359175,0.327518282674417
158,1136.76208881621,1133.77668,986.960365,1301.3642925,314.4039275,9.7568126964,0.27534319824418
159,1146.51890151261,1144.03515,994.33777125,1309.254812375,314.917041125,9.7568126964,0.27534319824418
160,1156.27571420901,1154.39221,1000.584760625,1321.29078875,320.706028125,9.7568126964,0.27534319824418
161,1166.03252690541,1163.351405,1008.843276,1332.23035475,323.38707875,9.7568126964,0.27534319824418
162,1175.78933960181,1174.05866,1015.253737,1346.54631125,331.29257425,9.7568126964,0.27534319824418
163,1185.54615229821,1183.790175,1022.9185,1361.68383625,338.76533625,10.57130935855,0.271592446096099
164,1196.11746165676,1194.584127,1034.276711,1368.4316425,334.1549315,10.57130935855,0.271592446096099
165,1206.68877101531,1204.9966,1041.164844875,1378.2714775,337.106632625,10.57130935855,0.271592446096099
166,1217.26008037386,1214.94173,1049.641511,1392.144738,342.503227,10.57130935855,0.271592446096099
167,1227.83138973241,1224.514025,1059.03626125,1402.47815725,343.441896,10.57130935855,0.271592446096099
168,1238.40269909096,1235.5935,1065.8795115,1418.56018375,352.68067225,10.237637691535,0.322398946629249
169,1248.6403367825,1246.38112,1077.40880325,1427.9224015,350.51359825,10.237637691535,0.322398946629249
170,1258.87797447403,1256.948755,1086.820281625,1438.81618675,351.995905125,10.237637691535,0.322398946629249
171,1269.11561216557,1267.91638,1095.3302035,1452.23113075,356.90092725,10.237637691535,0.322398946629249
172,1279.3532498571,1279.1443275,1103.04431075,1465.870802375,362.826491625,10.237637691535,0.322398946629249
173,1289.59088754864,1289.359825,1109.255629,1479.41481,370.159181,10.110407346725,0.293772436045695
174,1299.70129489536,1299.49118,1121.55100525,1487.2719495,365.72094425,10.110407346725,0.293772436045695
175,1309.81170224209,1309.94566,1128.875849,1495.73820625,366.86235725,10.110407346725,0.293772436045695
176,1319.92210958881,1320.2205231,1136.642485875,1505.58227,368.939784125,10.110407346725,0.293772436045695
177,1330.03251693554,1329.97751,1143.359283625,1519.49737775,376.138094125,10.110407346725,0.293772436045695
178,1340.14292428226,1339.9092825,1149.10766625,1533.16469375,384.0570275,9.846337425375,0.306517462368242
179,1349.98926170764,1349.885375,1161.4297945,1541.781410875,380.351616375,9.846337425375,0.306517462368242
180,1359.83559913301,1359.52766,1172.374752,1548.376241,376.001489,9.846337425375,0.306517462368242
181,1369.68193655839,1369.34037,1181.51242325,1555.4622525,373.94982925,9.846337425375,0.306517462368242
182,1379.52827398376,1379.85609,1189.335575,1569.35152875,380.01595375,9.846337425375,0.306517462368242
183,1389.37461140914,1389.201495,1196.196148375,1583.72638375,387.530235375,9.9465074421525,0.343638893110945
184,1399.32111885129,1399.82311,1209.817651875,1592.912019825,383.09436795,9.9465074421525,0.343638893110945
185,1409.26762629344,1409.46495,1221.4944435,1603.272346375,381.777902875,9.9465074421525,0.343638893110945
186,1419.21413373559,1420.053575,1228.890872,1612.562055,383.671183,9.9465074421525,0.343638893110945
187,1429.16064117775,1429.21743,1234.99845975,1624.424072,389.42561225,9.9465074421525,0.343638893110945
188,1439.1071486199,1438.78085,1240.59625875,1635.602469,395.00621025,9.85439557975,0.293534531268567
189,1448.96154419965,1448.97046,1255.29415825,1644.513061,389.21890275,9.85439557975,0.293534531268567
190,1458.8159397794,1458.855085,1267.591978375,1654.543380875,386.9514025,9.85439557975,0.293534531268567
191,1468.67033535915,1468.3195,1278.6157475,1663.018786,384.4030385,9.85439557975,0.293534531268567
192,1478.5247309389,1477.988805,1287.517948775,1675.4513575,387.933408725,9.85439557975,0.293534531268567
193,1488.37912651865,1486.70319,1293.636933625,1687.69410875,394.057175125,10.223663953425,0.314787391490755
194,1498.60279047207,1497.296705,1307.410991125,1695.58836205,388.177370925,10.223663953425,0.314787391490755
195,1508.8264544255,1507.7038825,1322.50933475,1701.38755375,378.878219,10.223663953425,0.314787391490755
196,1519.05011837892,1517.916145,1335.47544675,1709.836090625,374.360643875,10.223663953425,0.314787391490755
197,1529.27378233235,1529.3780475,1343.129678075,1718.115834,374.986155925,10.223663953425,0.314787391490755
198,1539.49744628577,1539.46819,1351.888695625,1732.696554375,380.80785875,9.8922794013,0.283770291392069
199,1549.38972568708,1548.955075,1364.99646875,1743.590311,378.59384225,9.8922794013,0.283770291392069
200,1559.28200508837,1559.5112275,1376.75355925,1751.4777195,374.72416025,9.8922794013,0.283770291392069
201,1569.17428448968,1569.9784025,1385.83281,1759.002792,373.169982,9.8922794013,0.283770291392069
202,1579.06656389097,1578.843085,1394.017760375,1769.18615275,375.168392375,9.8922794013,0.283770291392069
203,1588.95884329228,1588.8969525,1399.73811375,1781.368132875,381.630019125,10.078304848675,0.283963203120414
204,1599.03714814095,1597.89107,1416.6403145,1786.400102875,369.759788375,10.078304848675,0.283963203120414
205,1609.11545298963,1607.22108,1431.219505875,1792.91235925,361.692853375,10.078304848675,0.283963203120414
206,1619.1937578383,1617.77295,1445.0678475,1799.6227835,354.554936,10.078304848675,0.283963203120414
207,1629.27206268698,1627.039105,1454.0488888,1810.928253,356.8793642,10.078304848675,0.283963203120414
208,1639.35036753565,1636.8174775,1463.9210175,1821.3317725,357.410755,9.9653899455,0.268093676719853
209,1649.31575748115,1646.09964,1478.00562675,1830.71103068,352.70540393,9.9653899455,0.268093676719853
210,1659.28114742665,1655.57749,1489.017387125,1839.487895,350.470507875,9.9653899455,0.268093676719853
211,1669.24653737215,1665.81773,1501.456581375,1849.38068625,347.924104875,9.9653899455,0.268093676719853
212,1679.21192731765,1675.5988925,1510.018736125,1859.39792625,349.379190125,9.9653899455,0.268093676719853
213,1689.17731726315,1684.83785,1517.530172125,1871.92564625,354.395474125,9.883987543525,0.269648331298091
214,1699.06130480668,1694.49575,1534.769257625,1879.296241125,344.5269835,9.883987543525,0.269648331298091
215,1708.9452923502,1704.154267,1549.23232925,1887.1597395,337.92741025,9.883987543525,0.269648331298091
216,1718.82927989373,1713.7416075,1561.616158,1897.6730895,336.0569315,9.883987543525,0.269648331298091
217,1728.71326743725,1724.5294,1572.896950125,1908.08404882375,335.18709869875,9.883987543525,0.269648331298091
218,1738.59725498078,1733.9080625,1580.43455175,1921.040420875,340.605869125,10.04652637965,0.283278056532691
219,1748.64378136043,1742.84951,1597.17213975,1925.29547025,328.1233305,10.04652637965,0.283278056532691
220,1758.69030774008,1752.18649,1611.14520525,1933.9386075,322.79340225,10.04652637965,0.283278056532691
221,1768.73683411973,1761.837955,1624.428327125,1939.3959187125,314.9675915875,10.04652637965,0.283278056532691
222,1778.78336049938,1772.31897,1637.532089,1947.100527875,309.568438875,10.04652637965,0.283278056532691
223,1788.82988687903,1781.9287125,1646.55011075,1962.67736,316.12724925,10.6829203776725,0.33029761670726
224,1799.5128072567,1790.3940325,1670.62514375,1968.834547625,298.209403875,10.6829203776725,0.33029761670726
225,1810.19572763437,1800.036655,1689.662616375,1975.401393625,285.73877725,10.6829203776725,0.33029761670726
226,1820.87864801204,1810.626785,1703.252686625,1983.3832275,280.130540875,10.6829203776725,0.33029761670726
227,1831.56156838971,1819.1127275,1714.52682025,1993.05787015,278.5310499,10.6829203776725,0.33029761670726
228,1842.24448876739,1829.95181,1722.948696125,2008.946907375,285.99821125,15.56263736734,0.249434190678174
229,1857.80712613473,1846.536695,1738.651947875,2028.66225,290.010302125,15.56263736734,0.249434190678174
230,1873.36976350207,1863.9238875,1749.588128875,2051.253041,301.664912125,15.56263736734,0.249434190678174
231,1888.93240086941,1879.642785,1756.744420625,2069.21202275,312.467602125,15.56263736734,0.249434190678174
232,1904.49503823675,1894.162854,1763.5311084125,2100.073624125,336.5425157125,15.56263736734,0.249434190678174
233,1920.05767560409,1908.8452635,1770.285274375,2129.95547375,359.670199375,14.6472995513,0.212089543267514
234,1934.70497515539,1924.5228675,1782.157974375,2138.355222125,356.19724775,14.6472995513,0.212089543267514
235,1949.35227470669,1939.5048,1794.056475375,2155.3569635,361.300488125,14.6472995513,0.212089543267514
236,1963.99957425799,1954.741125,1800.675867,2171.1126775,370.4368105,14.6472995513,0.212089543267514
237,1978.64687380929,1968.84555,1807.49830875,2198.82303425,391.3247255,14.6472995513,0.212089543267514
238,1993.29417336059,1982.49572,1814.90683225,2225.14306375,410.236231500001,15.139629875275,0.197341097118832
239,2008.43380323586,1998.976955,1830.965457125,2242.374555,411.409097875,15.139629875275,0.197341097118832
240,2023.57343311114,2015.17791,1842.07669675,2261.087617875,419.010921125,15.139629875275,0.197341097118832
241,2038.71306298641,2029.757695,1851.94699075,2276.53240225,424.5854115,15.139629875275,0.197341097118832
242,2053.85269286169,2044.99183,1861.146525475,2298.42693175,437.280406275,15.139629875275,0.197341097118832
243,2068.99232273696,2059.1616475,1868.06202,2322.829781,454.767761,14.7560924673,0.18091024242269
244,2083.74841520426,2075.53198175,1884.218084875,2341.649117375,457.4310325,14.7560924673,0.18091024242269
245,2098.50450767156,2090.43418,1897.026229875,2357.586783,460.560553125,14.7560924673,0.18091024242269
246,2113.26060013886,2104.933645,1905.8503835,2375.0529775,469.202594,14.7560924673,0.18091024242269
247,2128.01669260616,2120.108385,1916.1566195,2394.01499875,477.85837925,14.7560924673,0.18091024242269
248,2142.77278507346,2134.926675,1925.4459504875,2415.810552625,490.3646021375,15.351073725325,0.204322220981166
249,2158.12385879879,2150.8009025,1940.449316625,2427.806167375,487.356850750001,15.351073725325,0.204322220981166
250,2173.47493252411,2165.4729725,1954.7926395,2440.78672525,485.99408575,15.351073725325,0.204322220981166
251,2188.82600624944,2180.150535,1967.079041375,2460.138269125,493.05922775,15.351073725325,0.204322220981166
252,2204.17707997476,2196.0126725,1977.707792375,2476.99560175,499.287809375,15.351073725325,0.204322220981166
253,2219.52815370009,2211.1023,1988.321216375,2497.558927,509.237710625,15.3751853505,0.178642313835647
254,2234.90333905059,2227.740025,2000.559260875,2509.406355875,508.847095,15.3751853505,0.178642313835647
255,2250.27852440109,2245.04379,2013.45726425,2523.088011875,509.630747625,15.3751853505,0.178642313835647
256,2265.65370975159,2261.67666975,2026.24559925,2538.331528125,512.085928875001,15.3751853505,0.178642313835647
257,2281.02889510209,2277.54515,2035.55392125,2557.1956845,521.641763249999,15.3751853505,0.178642313835647
258,2296.40408045259,2292.1406375,2045.223172,2580.1680645,534.9448925,14.355439549175,0.216908927683524
259,2310.75952000176,2306.2653575,2059.068094375,2589.484152,530.416057625,14.355439549175,0.216908927683524
260,2325.11495955094,2324.14025,2073.460022125,2604.222502875,530.76248075,14.355439549175,0.216908927683524
261,2339.47039910011,2338.25934,2087.7592766375,2622.261673,534.5023963625,14.355439549175,0.216908927683524
262,2353.82583864929,2354.7395525,2097.5054615,2629.772761875,532.267300375,14.355439549175,0.216908927683524
263,2368.18127819846,2367.334495,2105.34411525,2649.519002625,544.174887375,14.647866323,0.17497164196151
264,2382.82914452146,2382.9783,2123.31667095,2657.089154,533.772483050001,14.647866323,0.17497164196151
265,2397.47701084446,2398.5018,2140.1454075,2671.547835375,531.402427875,14.647866323,0.17497164196151
266,2412.12487716746,2413.162265,2152.864505,2685.44845375,532.583948750001,14.647866323,0.17497164196151
267,2426.77274349046,2428.054585,2161.4028145,2702.979447625,541.576633125,14.647866323,0.17497164196151
268,2441.42060981346,2443.1010925,2171.863822125,2718.241955875,546.37813375,15.194536792675,0.187602767798945
269,2456.61514660614,2457.95756,2191.4012905,2727.16168525,535.760394749999,15.194536792675,0.187602767798945
270,2471.80968339881,2473.05391,2208.70111675,2743.5754435,534.87432675,15.194536792675,0.187602767798945
271,2487.00422019149,2487.3469465,2221.95307625,2756.204683,534.25160675,15.194536792675,0.187602767798945
272,2502.19875698416,2502.2513825,2232.97193,2776.4420815,543.4701515,15.194536792675,0.187602767798945
273,2517.39329377684,2519.474335,2244.1391345,2797.0908375,552.951703,14.508291082325,0.189291264785048
274,2531.90158485916,2532.79406,2260.38454925,2804.812753,544.428203750001,14.508291082325,0.189291264785048
275,2546.40987594149,2546.793955,2272.599954875,2817.54891075,544.948955875001,14.508291082325,0.189291264785048
276,2560.91816702381,2561.7679375,2289.88391475,2833.052867375,543.168952625,14.508291082325,0.189291264785048
277,2575.42645810614,2576.2725475,2301.412856625,2848.653336125,547.240479500001,14.508291082325,0.189291264785048
278,2589.93474918846,2589.9211225,2313.11961775,2867.669888125,554.550270375,14.31502973105,0.187402578660602
279,2604.24977891951,2606.588855,2326.73159175,2878.338748625,551.607156875001,14.31502973105,0.187402578660602
280,2618.56480865056,2619.74236,2345.658691375,2890.897582,545.238890625,14.31502973105,0.187402578660602
281,2632.87983838161,2634.07417,2361.738544125,2902.053728375,540.31518425,14.31502973105,0.187402578660602
282,2647.19486811266,2648.26604,2372.17187125,2916.058210625,543.886339375,14.31502973105,0.187402578660602
283,2661.50989784371,2663.1814385,2382.169102125,2933.29853875,551.129436624999,14.666957307865,0.223228854085035
284,2676.17685515158,2678.3159775,2395.293425875,2944.9679967625,549.6745708875,14.666957307865,0.223228854085035
285,2690.84381245944,2694.1570475,2411.69317775,2951.890139125,540.196961375001,14.666957307865,0.223228854085035
286,2705.51076976731,2710.475395,2423.522894325,2966.984501125,543.4616068,14.666957307865,0.223228854085035
287,2720.17772707517,2724.59548,2436.566155375,2980.9300275,544.363872125,14.666957307865,0.223228854085035
288,2734.84468438304,2740.9554975,2447.347164,3002.117378875,554.770214875,14.68847032775,0.203581895658196
289,2749.53315471079,2754.6155325,2469.546634125,3009.053731875,539.50709775,14.68847032775,0.203581895658196
290,2764.22162503854,2770.7592,2487.428362375,3015.868555,528.440192625,14.68847032775,0.203581895658196
291,2778.91009536629,2785.1850475,2501.792757125,3031.0182245,529.225467375,14.68847032775,0.203581895658196
292,2793.59856569404,2800.5254275,2518.062289125,3045.94738225,527.885093124999,14.68847032775,0.203581895658196
293,2808.28703602179,2815.230375,2526.04937575,3064.71290125,538.6635255,15.00053508405,0.178111102959918
294,2823.28757110584,2829.24781,2544.026913875,3074.114208125,530.08729425,15.00053508405,0.178111102959918
295,2838.28810618989,2844.154785,2560.08348775,3085.44903175,525.365544,15.00053508405,0.178111102959918
296,2853.28864127394,2859.8462775,2579.36797675,3095.522658125,516.154681375001,15.00053508405,0.178111102959918
297,2868.28917635799,2873.558525,2593.61274975,3109.764303,516.15155325,15.00053508405,0.178111102959918
298,2883.28971144204,2887.5529,2608.701380125,3127.557706375,518.85632625,14.7427517493,0.197678470770294
299,2898.03246319134,2902.43749,2631.54491025,3136.889708375,505.344798125,14.7427517493,0.197678470770294
300,2912.77521494064,2918.34158,2646.20828875,3148.9307155,502.722426749999,14.7427517493,0.197678470770294
301,2927.51796668994,2933.6615525,2659.93959375,3160.406464,500.46687025,14.7427517493,0.197678470770294
302,2942.26071843924,2948.2591325,2673.734215,3175.53738425,501.803169249999,14.7427517493,0.197678470770294
303,2957.00347018854,2963.52283,2681.41877875,3194.43763125,513.0188525,14.29386076905,0.193718408814245
304,2971.29733095759,2978.36466,2705.886016,3202.7440611375,496.8580451375,14.29386076905,0.193718408814245
305,2985.59119172664,2992.99127,2726.9362975,3210.74741125,483.81111375,14.29386076905,0.193718408814245
306,2999.88505249569,3007.1306925,2739.798071625,3222.9613015,483.163229875,14.29386076905,0.193718408814245
307,3014.17891326474,3020.4182875,2755.13543525,3233.415204125,478.279768874999,14.29386076905,0.193718408814245
308,3028.47277403379,3034.052425,2765.9307185,3249.23075375,483.30003525,14.700205326,0.188154405959776
309,3043.17297935979,3048.9622925,2791.8122605,3258.437905225,466.625644725,14.700205326,0.188154405959776
310,3057.87318468579,3064.2908,2811.117940375,3267.278605375,456.160665,14.700205326,0.188154405959776
311,3072.57339001179,3080.8020405,2826.829475125,3277.691638875,450.86216375,14.700205326,0.188154405959776
312,3087.27359533779,3095.9939,2843.44666425,3291.07263025,447.625966000001,14.700205326,0.188154405959776
313,3101.97380066379,3109.5663725,2853.803555375,3308.023721375,454.220166000001,14.194686734525,0.203847862940898
314,3116.16848739831,3123.05965,2877.577502125,3315.037986825,437.4604847,14.194686734525,0.203847862940898
315,3130.36317413284,3136.84807,2901.0289535,3323.668535625,422.639582125,14.194686734525,0.203847862940898
316,3144.55786086736,3151.9457925,2916.181876,3332.6882415,416.506365499999,14.194686734525,0.203847862940898
317,3158.75254760189,3167.0697425,2934.910097375,3344.586152,409.676054625,14.194686734525,0.203847862940898
318,3172.94723433641,3181.252975,2950.904966125,3356.190241125,405.285275,14.1664737445,0.179273180754733
319,3187.11370808091,3194.80575,2971.482219875,3364.34439675,392.862176874999,14.1664737445,0.179273180754733
320,3201.28018182541,3207.91311925,2990.008945625,3371.89278725,381.883841625001,14.1664737445,0.179273180754733
321,3215.44665556991,3223.1061775,3005.10415015,3381.185926875,376.081776725,14.1664737445,0.179273180754733
322,3229.61312931441,3238.438005,3018.457394425,3396.4855668,378.028172375,14.1664737445,0.179273180754733
323,3243.77960305891,3252.855085,3030.310666375,3408.837472125,378.52680575,15.27037686415,0.18245513754361
324,3259.04997992306,3265.7998,3063.654619875,3416.02906932625,352.374449451251,15.27037686415,0.18245513754361
325,3274.32035678721,3280.9177225,3098.209981875,3424.19682924875,325.98684737375,15.27037686415,0.18245513754361
326,3289.59073365136,3296.19478,3126.8351655,3432.3804752,305.5453097,15.27037686415,0.18245513754361
327,3304.86111051551,3311.7240025,3145.467544375,3441.11861007625,295.65106570125,15.27037686415,0.18245513754361
328,3320.13148737966,3327.6475075,3164.16793875,3454.000681625,289.832742875,15.635885585025,0.189994739682912
329,3335.76737296469,3341.4501725,3192.898475,3462.234717,269.336242,15.635885585025,0.189994739682912
330,3351.40325854971,3355.211095,3218.351904,3470.56673,252.214825999999,15.635885585025,0.189994739682912
331,3367.03914413474,3371.00015,3233.077139625,3482.035842875,248.95870325,15.635885585025,0.189994739682912
332,3382.67502971976,3386.434665,3245.349753675,3501.74214925,256.392395575,15.635885585025,0.189994739682912
333,3398.31091530479,3400.3213325,3256.027308,3536.03828975,280.01098175,17.0885622558,0.179077825262327
334,3415.39947756059,3418.1120975,3274.7237565,3548.11851575,273.394759249999,17.0885622558,0.179077825262327
335,3432.48803981639,3434.58867,3288.8894505,3571.075218875,282.185768374999,17.0885622558,0.179077825262327
336,3449.57660207219,3451.0820855,3298.197363625,3602.233819375,304.036455749999,17.0885622558,0.179077825262327
337,3466.66516432799,3464.7544445,3306.339808125,3636.456178625,330.1163705,17.0885622558,0.179077825262327
338,3483.75372658379,3478.91955475,3314.147052625,3676.2203115,362.073258875,18.360902621875,0.146901199759844
339,3502.11462920566,3498.71765225,3333.842297125,3688.636755125,354.794457999999,18.360902621875,0.146901199759844
340,3520.47553182754,3517.652209,3350.84677975,3708.43385265,357.587072899999,18.360902621875,0.146901199759844
341,3538.83643444941,3535.6961975,3363.925636875,3734.509027625,370.58339075,18.360902621875,0.146901199759844
342,3557.19733707129,3553.44648,3372.0817035,3766.278920225,394.197216725,18.360902621875,0.146901199759844
343,3575.55823969316,3571.217245,3379.81782,3804.58593975,424.768119749999,16.954206486025,0.162397776079988
344,3592.51244617919,3587.0968775,3398.980575875,3817.8641645,418.883588625,16.954206486025,0.162397776079988
345,3609.46665266521,3605.5522275,3416.388930375,3831.77496025,415.386029875001,16.954206486025,0.162397776079988
346,3626.42085915124,3622.8890025,3431.32584075,3850.4020495,419.07620875,16.954206486025,0.162397776079988
347,3643.37506563726,3639.4266425,3441.45202075,3876.2618805,434.80985975,16.954206486025,0.162397776079988
348,3660.32927212329,3656.451305,3449.32597525,3901.50551525,452.179539999999,18.28069673175,0.147872310229306
349,3678.60996885504,3675.1949225,3470.325272375,3913.28775975,442.962487375,18.28069673175,0.147872310229306
350,3696.89066558679,3694.22021,3485.485536375,3928.579183375,443.093646999999,18.28069673175,0.147872310229306
351,3715.17136231854,3712.4288925,3494.15965925,3948.829774125,454.670114875,18.28069673175,0.147872310229306
352,3733.45205905029,3730.6346475,3507.009308625,3969.163709375,462.154400750001,18.28069673175,0.147872310229306
353,3751.73275578204,3747.5906975,3519.282545575,3998.041319875,478.7587743,17.81748874135,0.159745554257388
354,3769.55024452339,3765.07925,3542.70292125,4008.1771695,465.474248250001,17.81748874135,0.159745554257388
355,3787.36773326474,3783.613115,3559.15813525,4024.86694725,465.708812,17.81748874135,0.159745554257388
356,3805.18522200609,3802.6002175,3575.726049375,4041.24071775,465.514668375,17.81748874135,0.159745554257388
357,3823.00271074744,3822.01562,3588.833149625,4064.058501,475.225351375,17.81748874135,0.159745554257388
358,3840.82019948879,3838.7818275,3602.123299,4091.364933,489.241634,17.039712970875,0.158030584779409
359,3857.85991245966,3856.56018,3627.2520757,4104.226026125,476.973950425,17.039712970875,0.158030584779409
360,3874.89962543054,3874.548605,3642.8420390875,4111.585194875,468.743155787499,17.039712970875,0.158030584779409
361,3891.93933840141,3892.265785,3660.041906125,4125.382182125,465.340276,17.039712970875,0.158030584779409
362,3908.97905137229,3910.727755,3670.78515875,4141.46833375,470.683175,17.039712970875,0.158030584779409
363,3926.01876434316,3928.67683,3682.824133875,4162.008414875,479.184281,17.814431150975,0.180063155091166
364,3943.83319549414,3947.131945,3710.453688625,4174.378790625,463.925102,17.814431150975,0.180063155091166
365,3961.64762664511,3964.5358325,3728.937329375,4187.55437575,458.617046375,17.814431150975,0.180063155091166
366,3979.46205779609,3983.2766375,3742.824835125,4201.232116875,458.40728175,17.814431150975,0.180063155091166
367,3997.27648894706,4002.5800625,3757.707434125,4221.50730625,463.799872124999,17.814431150975,0.180063155091166
368,4015.09092009804,4019.551588,3767.373454,4246.558744375,479.185290375,17.9641621099,0.166505590928273
369,4033.05508220794,4036.213395,3798.25947595,4258.153012,459.893536050001,17.9641621099,0.166505590928273
370,4051.01924431784,4053.095825,3819.816469125,4270.40307275,450.586603625001,17.9641621099,0.166505590928273
371,4068.98340642774,4071.5512875,3837.55795525,4284.903855125,447.345899875,17.9641621099,0.166505590928273
372,4086.94756853764,4089.569135,3854.5810200875,4301.89403825,447.3130181625,17.9641621099,0.166505590928273
373,4104.91173064754,4108.07278,3863.644280625,4324.864516125,461.220235500001,16.011660516725,0.186832692514152
374,4120.92339116426,4123.8547225,3890.08927375,4331.527633425,441.438359675001,16.011660516725,0.186832692514152
375,4136.93505168099,4139.615215,3912.501097125,4343.9271115,431.426014375002,16.011660516725,0.186832692514152
376,4152.94671219771,4156.9098975,3931.260123875,4359.92049675,428.660372875001,16.011660516725,0.186832692514152
377,4168.95837271444,4174.2242975,3948.362304,4372.99597825,424.63367425,16.011660516725,0.186832692514152
378,4184.97003323116,4190.5672825,3960.20888525,4390.78989875,430.5810135,17.720847086375,0.14559040176362
379,4202.69088031754,4208.2881575,3991.677627375,4398.88718675,407.209559375001,17.720847086375,0.14559040176362
380,4220.41172740391,4224.6933225,4021.85282575,4408.21748362,386.36465787,17.720847086375,0.14559040176362
381,4238.13257449029,4241.60135125,4050.044664625,4420.95083685,370.906172225,17.720847086375,0.14559040176362
382,4255.85342157666,4257.74710425,4073.70553125,4442.278434125,368.572902875,17.720847086375,0.14559040176362
383,4273.57426866304,4275.1087425,4092.9091825,4464.895828875,371.986646375,14.26653981775,0.202919358870493
384,4287.84080848079,4289.15188,4109.1840865,4483.210265875,374.026179375001,14.26653981775,0.202919358870493
385,4302.10734829854,4303.19594,4122.14712825,4500.135262625,377.988134374998,14.26653981775,0.202919358870493
386,4316.37388811629,4316.166905,4135.303998125,4522.823382875,387.519384749999,14.26653981775,0.202919358870493
387,4330.64042793404,4328.2126925,4147.546317975,4548.397311125,400.850993149999,14.26653981775,0.202919358870493
388,4344.90696775179,4341.28077,4157.175936125,4577.4564395,420.280503374999,13.743177416925,0.208614453695342
389,4358.65014516871,4353.3537645,4175.49427225,4589.579342375,414.085070125,13.743177416925,0.208614453695342
390,4372.39332258564,4365.8568925,4192.9548955,4604.739845825,411.784950325001,13.743177416925,0.208614453695342
391,4386.13650000256,4377.4850765,4204.460644,4628.103671875,423.643027875001,13.743177416925,0.208614453695342
392,4399.87967741949,4390.2019575,4214.6024505,4653.482399125,438.879948625,13.743177416925,0.208614453695342
393,4413.62285483641,4402.1204225,4225.06746075,4679.6986505,454.63118975,14.031265543525,0.208323473870496
394,4427.65412037994,4413.19662,4244.8843565,4690.24297325,445.358616750001,14.031265543525,0.208323473870496
395,4441.68538592346,4424.759525,4258.8378625,4702.352485,443.514622500001,14.031265543525,0.208323473870496
396,4455.71665146699,4436.1402375,4271.612374375,4716.853353,445.240978625,14.031265543525,0.208323473870496
397,4469.74791701051,4449.075955,4282.122410125,4735.06146475,452.939054625,14.031265543525,0.208323473870496
398,4483.77918255404,4461.846565,4290.93584075,4759.74999725,468.8141565,16.558400320925,0.174426795554398
399,4500.33758287496,4474.60512,4317.44333775,4769.0491795,451.605841750003,16.558400320925,0.174426795554398
400,4516.89598319589,4487.83297,4338.942169625,4779.132296,440.190126375001,16.558400320925,0.174426795554398
401,4533.45438351681,4502.236615,4354.5420065,4794.41014425,439.86813775,16.558400320925,0.174426795554398
402,4550.01278383774,4517.195885,4366.040140125,4821.776074375,455.735934249999,16.558400320925,0.174426795554398
403,4566.57118415866,4531.944955,4377.722786625,4853.07427025,475.351483625,27.6585243055,0.0894122462044312
404,4594.22970846416,4561.5942835,4406.38650875,4879.010809,472.62430025,27.6585243055,0.0894122462044312
405,4621.88823276966,4591.9565175,4425.1603522,4912.2695965,487.109244300001,27.6585243055,0.0894122462044312
406,4649.54675707516,4620.782725,4444.4271825,4943.45187475,499.024692250001,27.6585243055,0.0894122462044312
407,4677.20528138066,4649.62988,4458.681696525,4988.169125925,529.4874294,27.6585243055,0.0894122462044312
408,4704.86380568616,4677.4563125,4469.0340235,5040.40631,571.372286499999,27.89348024975,0.098927868108691
409,4732.75728593591,4705.6160075,4498.47665625,5064.85045525,566.373798999999,27.89348024975,0.098927868108691
410,4760.65076618566,4736.2834625,4517.07614805,5091.4475725,574.371424450002,27.89348024975,0.098927868108691
411,4788.54424643541,4766.5762925,4534.579216625,5123.37245475,588.793238124999,27.89348024975,0.098927868108691
412,4816.43772668516,4797.9878325,4549.373372,5157.946125,608.572753,27.89348024975,0.098927868108691
413,4844.33120693491,4828.98579975,4560.567645125,5201.16911175,640.601466625001,26.55362010075,0.0912922919643745
414,4870.88482703566,4855.1428625,4591.68606725,5221.47983375,629.793766500001,26.55362010075,0.0912922919643745
415,4897.43844713641,4881.9813875,4618.62926435,5244.13235375,625.503089399998,26.55362010075,0.0912922919643745
416,4923.99206723716,4911.22388,4634.918920175,5268.0525304875,633.1336103125,26.55362010075,0.0912922919643745
417,4950.54568733791,4938.4616475,4649.75293025,5295.78931,646.03637975,26.55362010075,0.0912922919643745
418,4977.09930743866,4966.6701225,4661.7816615,5328.552858375,666.771196874999,28.3595453167,0.0995346675719869
419,5005.45885275536,4995.8859665,4691.017392875,5349.145896875,658.128504,28.3595453167,0.0995346675719869
420,5033.81839807206,5026.8074125,4716.80443275,5371.878466875,655.074034124999,28.3595453167,0.0995346675719869
421,5062.17794338876,5059.297535,4734.066361,5400.7157185,666.649357499999,28.3595453167,0.0995346675719869
422,5090.53748870546,5091.97027,4751.87135525,5433.346279875,681.474924625,28.3595453167,0.0995346675719869
423,5118.89703402216,5119.50299675,4764.866518375,5478.516195375,713.649676999999,29.123391800375,0.0940005299010294
424,5148.02042582254,5149.1044625,4795.871101925,5498.7768381875,702.905736262502,29.123391800375,0.0940005299010294
425,5177.14381762291,5180.6601325,4817.537075375,5523.640071875,706.102996499998,29.123391800375,0.0940005299010294
426,5206.26720942329,5214.0563325,4843.5486425,5549.94633475,706.397692249999,29.123391800375,0.0940005299010294
427,5235.39060122366,5245.8855225,4864.83521725,5580.710359625,715.875142375002,29.123391800375,0.0940005299010294
428,5264.51399302404,5275.3423225,4877.43832775,5622.66447625,745.2261485,29.537026034875,0.090740918680396
429,5294.05101905891,5303.19103,4912.71380825,5641.10699125,728.393182999999,29.537026034875,0.090740918680396
430,5323.58804509379,5334.10004,4943.043299375,5665.51633225,722.473032875,29.537026034875,0.090740918680396
431,5353.12507112866,5362.9595375,4973.974515125,5688.777043625,714.802528499999,29.537026034875,0.090740918680396
432,5382.66209716354,5392.9013825,4996.31442025,5723.4042145,727.089794250001,29.537026034875,0.090740918680396
433,5412.19912319841,5420.0691025,5013.182832625,5759.806015,746.623182375001,27.59580165735,0.106311102995793
434,5439.79492485576,5446.2103925,5049.973334375,5772.456576075,722.4832417,27.59580165735,0.106311102995793
435,5467.39072651311,5472.21059,5081.73969975,5789.034285375,707.294585625,27.59580165735,0.106311102995793
436,5494.98652817046,5504.043055,5111.789526,5809.39448075,697.604954750001,27.59580165735,0.106311102995793
437,5522.58232982781,5533.66949675,5133.083318875,5837.57818175,704.494862875001,27.59580165735,0.106311102995793
438,5550.17813148516,5562.2074825,5152.938585375,5868.084683375,715.146098,27.800414565175,0.0986033977767316
439,5577.97854605034,5592.615765,5194.092458625,5883.206716625,689.114258000001,27.800414565175,0.0986033977767316
440,5605.77896061551,5620.83971,5234.670561575,5899.584645625,664.914084050001,27.800414565175,0.0986033977767316
441,5633.57937518069,5652.61606,5268.50609225,5916.233624375,647.727532125001,27.800414565175,0.0986033977767316
442,5661.37978974586,5680.1153825,5295.62441125,5935.5565865,639.93217525,27.800414565175,0.0986033977767316
443,5689.18020431104,5708.43,5322.768125125,5962.885567375,640.117442250001,29.8015549042,0.101415907385402
444,5718.98175921524,5736.19802,5382.845137375,5976.883627625,594.03849025,29.8015549042,0.101415907385402
445,5748.78331411944,5765.09796,5432.8953333,5989.947007,557.051673699999,29.8015549042,0.101415907385402
446,5778.58486902364,5794.8009325,5471.9893345,6006.41636625,534.427031749999,29.8015549042,0.101415907385402
447,5808.38642392784,5824.47044,5505.730519375,6027.86597525,522.135455874999,29.8015549042,0.101415907385402
448,5838.18797883204,5854.58720725,5526.905655625,6063.6868885,536.781232875001,28.9208122221,0.0943204539351744
449,5867.10879105414,5878.8182725,5609.230207625,6074.7042265,465.474018875001,28.9208122221,0.0943204539351744
450,5896.02960327624,5902.18238,5678.833257875,6084.443812375,405.6105545,28.9208122221,0.0943204539351744
451,5924.95041549834,5926.90626,5740.987082625,6098.06481,357.077727375,28.9208122221,0.0943204539351744
452,5953.87122772044,5956.023295,5786.28373,6114.68311575,328.39938575,28.9208122221,0.0943204539351744
453,5982.79203994254,5984.6473325,5822.589734125,6144.13129325,321.541559125,19.57811033675,0.128930221232366
454,6002.37015027929,6002.1314875,5866.2299375,6152.5055756625,286.2756381625,19.57811033675,0.128930221232366
455,6021.94826061604,6019.6261225,5905.73649075,6163.805831375,258.069340624999,19.57811033675,0.128930221232366
456,6041.52637095279,6039.76853,5925.79828,6178.1267324,252.328452400001,19.57811033675,0.128930221232366
457,6061.10448128954,6060.7453,5937.729621375,6195.897961375,258.16834,19.57811033675,0.128930221232366
458,6080.68259162629,6080.4928575,5946.19634125,6220.341632625,274.145291375002,15.29642094025,0.158505092777721
459,6095.97901256654,6094.4234225,5968.34168825,6229.025005125,260.683316875,15.29642094025,0.158505092777721
460,6111.27543350679,6110.6352075,5987.615163875,6238.8318865,251.216722625001,15.29642094025,0.158505092777721
461,6126.57185444704,6126.073675,6002.33767575,6249.4432925,247.105616749999,15.29642094025,0.158505092777721
462,6141.86827538729,6141.6663475,6015.93492725,6263.062103625,247.127176374998,15.29642094025,0.158505092777721
463,6157.16469632754,6156.90064,6027.895861,6277.078345375,249.182484374999,35.131253243425,0.0671672700262912
464,6192.29594957096,6190.942095,6065.734636375,6311.5858685,245.851232125,35.131253243425,0.0671672700262912
465,6227.42720281439,6225.2221975,6086.695830625,6365.588558625,278.892728000001,35.131253243425,0.0671672700262912
466,6262.55845605781,6261.31972,6102.319196,6429.454547375,327.135351375,35.131253243425,0.0671672700262912
467,6297.68970930124,6293.98958675,6115.019301,6501.397267125,386.377966125,35.131253243425,0.0671672700262912
468,6332.82096254466,6324.54709,6124.883399625,6575.841492125,450.958092499999,34.94510178875,0.0692789779012696
469,6367.76606433341,6361.1384275,6176.2649255,6591.64620085,415.38127535,34.94510178875,0.0692789779012696
470,6402.71116612216,6398.843855,6212.205593875,6608.040962375,395.8353685,34.94510178875,0.0692789779012696
471,6437.65626791091,6438.068485,6237.473358875,6630.7151790875,393.241820212502,34.94510178875,0.0692789779012696
472,6472.60136969966,6474.913765,6257.25840105,6662.811127875,405.552726824999,34.94510178875,0.0692789779012696
473,6507.54647148841,6510.0475075,6272.1560315,6709.61348925,437.457457750001,31.241385411775,0.0917152828054773
474,6538.78785690019,6541.3286025,6327.93641,6723.782818,395.846408,31.241385411775,0.0917152828054773
475,6570.02924231196,6575.3875725,6379.02050625,6740.230146625,361.209640375,31.241385411775,0.0917152828054773
476,6601.27062772374,6612.024735,6412.850899,6758.387880125,345.536981125001,31.241385411775,0.0917152828054773
477,6632.51201313551,6647.36087,6437.184477875,6786.13794875,348.953470875002,31.241385411775,0.0917152828054773
478,6663.75339854729,6676.6086025,6457.7056364875,6838.259189375,380.553552887499,21.052876116375,0.143546201367547
479,6684.80627466366,6698.3508675,6479.002958125,6856.981551375,377.978593250001,21.052876116375,0.143546201367547
480,6705.85915078004,6717.15884,6500.911133875,6881.56165475,380.650520875,21.052876116375,0.143546201367547
481,6726.91202689641,6734.98011,6515.0075145,6917.575239,402.567724500001,21.052876116375,0.143546201367547
482,6747.96490301279,6753.16683,6528.144924875,6961.641499,433.496574125002,21.052876116375,0.143546201367547
483,6769.01777912916,6770.9937625,6541.112162,7005.778930375,464.666768375001,19.851719916525,0.141428022865448
484,6788.86949904569,6790.1663375,6564.81274125,7020.4857355,455.67299425,19.851719916525,0.141428022865448
485,6808.72121896221,6809.418895,6580.590878,7036.9417655375,456.3508875375,19.851719916525,0.141428022865448
486,6828.57293887874,6830.3308425,6597.14540325,7061.663433875,464.518030624999,19.851719916525,0.141428022865448
487,6848.42465879526,6849.2839375,6608.899151875,7086.679633,477.780481125001,19.851719916525,0.141428022865448
488,6868.27637871179,6866.5237725,6618.9700877375,7123.00030775,504.0302200125,19.66388257815,0.148903308797691
489,6887.94026128994,6887.740265,6640.018173125,7138.070503425,498.0523303,19.66388257815,0.148903308797691
490,6907.60414386809,6907.5049875,6660.465088625,7157.671671875,497.206583250001,19.66388257815,0.148903308797691
491,6927.26802644624,6928.1838975,6678.0058225,7180.81402575,502.808203249999,19.66388257815,0.148903308797691
492,6946.93190902439,6947.8332325,6693.832993375,7205.42300625,511.590012875,19.66388257815,0.148903308797691
493,6966.59579160254,6966.7577825,6706.980503,7236.683696875,529.703193875001,20.42653943655,0.132637643895457
494,6987.02233103909,6985.84361,6730.19658625,7252.710184875,522.513598624999,20.42653943655,0.132637643895457
495,7007.44887047564,7006.3326325,6754.504017775,7266.015004,511.510986225001,20.42653943655,0.132637643895457
496,7027.87540991219,7028.77205,6771.704869375,7286.68330525,514.978435875,20.42653943655,0.132637643895457
497,7048.30194934874,7050.4319425,6788.23105875,7306.374456,518.143397250003,20.42653943655,0.132637643895457
498,7068.72848878529,7070.3749825,6798.645634375,7331.435031625,532.78939725,21.0782608533925,0.168076297883613
499,7089.80674963868,7089.8668275,6829.3587875,7348.7070435,519.348255999999,21.0782608533925,0.168076297883613
500,7110.88501049207,7111.2385825,6852.22177025,7368.136144875,515.914374624999,21.0782608533925,0.168076297883613
501,7131.96327134546,7132.0091575,6874.362960125,7394.66908625,520.306126125,21.0782608533925,0.168076297883613
502,7153.04153219886,7151.57528075,6894.010066125,7418.2601635,524.250097375,21.0782608533925,0.168076297883613
503,7174.11979305225,7171.62876,6909.176330875,7451.80991925,542.633588375001,20.4452950295,0.122298699618556
504,7194.56508808175,7191.8560475,6938.29946325,7468.9916135,530.692150250001,20.4452950295,0.122298699618556
505,7215.01038311125,7212.8672275,6961.783573625,7478.974037875,517.190464249999,20.4452950295,0.122298699618556
506,7235.45567814075,7234.2980175,6980.10464025,7495.49736675,515.3927265,20.4452950295,0.122298699618556
507,7255.90097317025,7256.214639,6997.582649,7515.085818,517.503169,20.4452950295,0.122298699618556
508,7276.34626819975,7277.39514925,7011.91777475,7542.031945425,530.114170675,19.8695262419,0.155095745288208
509,7296.21579444165,7295.4918075,7044.49179675,7554.317765,509.82596825,19.8695262419,0.155095745288208
510,7316.08532068355,7316.020258,7070.225743875,7570.6312065,500.405462625,19.8695262419,0.155095745288208
511,7335.95484692545,7335.54566,7093.143784625,7590.5462983375,497.4025137125,19.8695262419,0.155095745288208
512,7355.82437316735,7356.981525,7109.7159579,7608.178442125,498.462484225001,19.8695262419,0.155095745288208
513,7375.69389940925,7376.6991,7128.844939375,7625.93062975,497.085690375,20.22302599765,0.155107512365131
514,7395.9169254069,7395.3188175,7169.781520375,7642.959923,473.178402625002,20.22302599765,0.155107512365131
515,7416.13995140455,7414.62588025,7192.805185,7661.45761575,468.652430749999,20.22302599765,0.155107512365131
516,7436.3629774022,7434.7916375,7215.063900625,7689.6228485,474.558947875,20.22302599765,0.155107512365131
517,7456.58600339985,7454.8429225,7231.85668,7712.370053775,480.513373774999,20.22302599765,0.155107512365131
518,7476.8090293975,7476.3174375,7246.689237875,7731.80979625,485.120558375001,20.98781002675,0.127383379827845
519,7497.79683942425,7493.689475,7298.71729225,7752.286493875,453.569201625,20.98781002675,0.127383379827845
520,7518.784649451,7510.818025,7346.645196625,7769.23662725,422.591430625001,20.98781002675,0.127383379827845
521,7539.77245947775,7528.9352115,7384.8648075,7785.71707325,400.852265749999,20.98781002675,0.127383379827845
522,7560.7602695045,7548.0431925,7411.1011745,7808.325770125,397.224595625,20.98781002675,0.127383379827845
523,7581.74807953125,7568.33115825,7432.9483145,7828.0637355,395.115421,62.38204808425,0.0436664716399717
524,7644.1301276155,7631.3060075,7490.505213625,7872.8123985,382.307184875001,62.38204808425,0.0436664716399717
525,7706.51217569975,7693.896805,7522.2415045,7945.094285625,422.852781125,62.38204808425,0.0436664716399717
526,7768.894223784,7753.03165,7544.43567625,8058.335893875,513.900217625,62.38204808425,0.0436664716399717
527,7831.27627186825,7809.1161625,7556.638066,8187.41171225,630.773646249999,62.38204808425,0.0436664716399717
528,7893.6583199525,7865.8712375,7570.50875325,8330.7730765,760.264323250001,63.25591087875,0.0337140710194234
529,7956.91423083125,7934.0814075,7653.787821,8352.9024125,699.114591500001,63.25591087875,0.0337140710194234
530,8020.17014171,8008.23274,7708.166739,8379.0389515,670.872212500001,63.25591087875,0.0337140710194234
531,8083.42605258875,8088.6642525,7746.982686,8410.604790875,663.622104875002,63.25591087875,0.0337140710194234
532,8146.6819634675,8162.1409475,7782.845737125,8453.567464125,670.721727000003,63.25591087875,0.0337140710194234
533,8209.93787434625,8232.1970375,7807.828796125,8518.5572815,710.728485375,63.2144579785,0.0399065986409475
534,8273.15233232475,8287.3764725,7956.47140475,8532.76674,576.295335250002,63.2144579785,0.0399065986409475
535,8336.36679030325,8342.1370675,8092.34790175,8551.80885,459.460948250002,63.2144579785,0.0399065986409475
536,8399.58124828175,8400.7406475,8196.6155375,8577.59746125,380.981923749998,63.2144579785,0.0399065986409475
537,8462.79570626025,8462.0205825,8251.04017425,8631.356707625,380.316533375,63.2144579785,0.0399065986409475
538,8526.01016423875,8526.514165,8294.69003125,8725.775435125,431.085403875,41.4156272258,0.0633137598568463
539,8567.42579146455,8566.431525,8346.127220875,8751.382484375,405.255263500001,41.4156272258,0.0633137598568463
540,8608.84141869035,8608.38295,8398.320172125,8796.928100375,398.607928250003,41.4156272258,0.0633137598568463
541,8650.25704591615,8649.86385,8437.04794825,8858.36522075,421.317272499999,41.4156272258,0.0633137598568463
542,8691.67267314195,8687.5620325,8457.8262725,8929.312419875,471.486147374999,41.4156272258,0.0633137598568463
543,8733.08830036775,8723.67095,8473.668961875,9015.559631125,541.890669249999,38.965415610975,0.0658483283332124
544,8772.05371597873,8763.0246275,8528.7167275,9030.15822085,501.441493349999,38.965415610975,0.0658483283332124
545,8811.0191315897,8809.8519275,8576.8028855,9057.77300525,480.970119750002,38.965415610975,0.0658483283332124
546,8849.98454720067,8857.75729,8608.910450125,9083.687864125,474.777414,38.965415610975,0.0658483283332124
547,8888.94996281165,8907.9420775,8636.182656,9125.9801445,489.797488499999,38.965415610975,0.0658483283332124
548,8927.91537842263,8954.8122925,8657.712870875,9187.232256625,529.51938575,33.87275770555,0.0820400941391894
549,8961.78813612817,8994.29351725,8696.61642935,9211.400384775,514.783955424997,33.87275770555,0.0820400941391894
550,8995.66089383372,9022.9272275,8730.32407,9248.17304625,517.848976250001,33.87275770555,0.0820400941391894
551,9029.53365153928,9047.722035,8755.84628475,9294.4947004375,538.648415687499,33.87275770555,0.0820400941391894
552,9063.40640924482,9073.21773,8773.03852775,9362.805374625,589.766846874998,33.87275770555,0.0820400941391894
553,9097.27916695037,9100.12764,8787.55740125,9449.69622525,662.138823999998,30.653654101975,0.0996802301843702
554,9127.93282105235,9130.0830925,8823.654617375,9468.7351685,645.080551125002,30.653654101975,0.0996802301843702
555,9158.58647515432,9157.96674,8846.156165,9500.780436625,654.624271625002,30.653654101975,0.0996802301843702
556,9189.2401292563,9187.651075,8867.50821125,9542.682893,675.174681750002,30.653654101975,0.0996802301843702
557,9219.89378335827,9217.59491,8885.898007725,9587.13881235,701.240804624997,30.653654101975,0.0996802301843702
558,9250.54743746025,9243.98418,8901.89104375,9635.25536225,733.364318499998,32.0821316891,0.0911058239987905
559,9282.62956914935,9279.901685,8935.626733875,9660.791013625,725.164279750001,32.0821316891,0.0911058239987905
560,9314.71170083845,9311.5097175,8964.3854375,9693.94121875,729.555781250003,32.0821316891,0.0911058239987905
561,9346.79383252755,9344.6626575,8988.48526225,9733.26045575,744.7751935,32.0821316891,0.0911058239987905
562,9378.87596421665,9375.271477,9005.00542675,9779.235444375,774.230017624997,32.0821316891,0.0911058239987905
563,9410.95809590575,9405.9184025,9028.3348055,9826.538009025,798.203203525001,30.93817021175,0.0831705834782724
564,9441.8962661175,9438.41753,9061.467406875,9849.800678125,788.333271249998,30.93817021175,0.0831705834782724
565,9472.83443632925,9468.553835,9093.5677615,9877.33133275,783.763571249998,30.93817021175,0.0831705834782724
566,9503.772606541,9499.0032625,9116.885261225,9914.995233125,798.109971900001,30.93817021175,0.0831705834782724
567,9534.71077675275,9529.2235875,9134.761454875,9953.78161682625,819.020161951252,30.93817021175,0.0831705834782724
568,9565.6489469645,9559.3310775,9152.647765125,9996.607321625,843.959556499998,30.90304389225,0.0862262245181404
569,9596.55199085675,9591.616245,9205.982097125,10020.445018625,814.4629215,30.90304389225,0.0862262245181404
570,9627.455034749,9624.590975,9234.771093875,10043.2544885,808.483394625,30.90304389225,0.0862262245181404
571,9658.35807864125,9655.9546375,9271.14630125,10071.139674875,799.993373625,30.90304389225,0.0862262245181404
572,9689.2611225335,9687.44767,9286.89542125,10102.166621625,815.271200375,30.90304389225,0.0862262245181404
573,9720.16416642575,9715.2640225,9311.7485155,10145.976802125,834.228286625001,31.154350215725,0.101001374997415
574,9751.31851664148,9746.39643575,9369.566567375,10161.873469275,792.306901900005,31.154350215725,0.101001374997415
575,9782.4728668572,9777.56794825,9422.025101875,10178.703049,756.677947124999,31.154350215725,0.101001374997415
576,9813.62721707292,9811.6138225,9462.110606125,10195.13617375,733.025567624998,31.154350215725,0.101001374997415
577,9844.78156728865,9848.65944025,9496.31358375,10218.312698,721.999114250002,31.154350215725,0.101001374997415
578,9875.93591750438,9883.52973,9525.048753875,10256.522444125,731.473690250001,20.760458308075,0.159482576954644
579,9896.69637581245,9908.848635,9552.09982325,10274.988557125,722.888733875001,20.760458308075,0.159482576954644
580,9917.45683412052,9927.25676,9567.3490695,10299.903162625,732.554093124998,20.760458308075,0.159482576954644
581,9938.2172924286,9942.64963225,9577.497893875,10334.381554625,756.88366075,20.760458308075,0.159482576954644
582,9958.97775073667,9958.3435625,9588.24724925,10368.99444325,780.747193999998,20.760458308075,0.159482576954644
583,9979.73820904475,9979.6101925,9598.1745165,10407.23193625,809.057419750001,18.2429999472,0.165835597179176
584,9997.98120899195,9997.439025,9611.803122,10421.61057075,809.80744875,18.2429999472,0.165835597179176
585,10016.2242089391,10014.23189,9627.409972625,10445.126481625,817.716509000002,18.2429999472,0.165835597179176
586,10034.4672088863,10031.0161925,9640.521597375,10468.88345925,828.361861875001,18.2429999472,0.165835597179176
587,10052.7102088336,10047.7179725,9651.2455445,10497.6283965,846.382852000001,18.2429999472,0.165835597179176
588,10070.9532087807,10065.9520365,9659.6433585,10528.63868725,868.995328749999,18.8359207375,0.146990009724364
589,10089.7891295183,10083.178045,9676.728607625,10543.4339797375,866.705372112499,18.8359207375,0.146990009724364
590,10108.6250502558,10101.3657375,9691.737056125,10567.3434,875.606343875002,18.8359207375,0.146990009724364
591,10127.4609709933,10116.868955,9704.145422625,10597.938718,893.793295375001,18.8359207375,0.146990009724364
592,10146.2968917307,10133.6386225,9716.281809125,10624.524589575,908.24278045,18.8359207375,0.146990009724364
593,10165.1328124682,10149.55102,9724.945876425,10652.225845375,927.279968950001,18.787374226175,0.152265540837157
594,10183.9201866944,10169.7741075,9742.249742,10681.653502875,939.403760875002,18.787374226175,0.152265540837157
595,10202.7075609206,10188.3551425,9754.9763805,10705.248465,950.272084499999,18.787374226175,0.152265540837157
596,10221.4949351468,10209.4341875,9766.1487605,10731.5030735,965.354313000002,18.787374226175,0.152265540837157
597,10240.2823093729,10227.1295725,9782.644116125,10747.942731375,965.29861525,18.787374226175,0.152265540837157
598,10259.0696835991,10245.18309,9790.610718375,10789.9467462375,999.3360278625,18.543389141725,0.155234415495275
599,10277.6130727409,10265.256525,9808.418868625,10809.4027035,1000.983834875,18.543389141725,0.155234415495275
600,10296.1564618826,10285.062775,9824.789439375,10830.133231625,1005.34379225,18.543389141725,0.155234415495275
601,10314.6998510243,10303.207645,9843.046427875,10852.33528325,1009.288855375,18.543389141725,0.155234415495275
602,10333.243240166,10323.7999436,9857.164456375,10866.00820575,1008.843749375,18.543389141725,0.155234415495275
603,10351.7866293077,10342.0778625,9871.007937125,10883.077121,1012.069183875,18.350435330075,0.180973921811255
604,10370.1370646378,10358.6431449,9884.133503,10907.350248375,1023.216745375,18.350435330075,0.180973921811255
605,10388.4874999679,10376.3895525,9896.73452275,10928.685905625,1031.951382875,18.350435330075,0.180973921811255
606,10406.837935298,10395.402335,9909.604579125,10950.444533875,1040.83995475,18.350435330075,0.180973921811255
607,10425.188370628,10414.6558705,9925.8013859125,10973.9583777375,1048.156991825,18.350435330075,0.180973921811255
608,10443.5388059581,10433.68674,9938.394972625,11004.246038375,1065.85106575,18.0864987369,0.169630446097453
609,10461.625304695,10453.161385,9953.9678595,11024.909022875,1070.941163375,18.0864987369,0.169630446097453
610,10479.7118034319,10469.2250925,9968.578486375,11041.518105,1072.939618625,18.0864987369,0.169630446097453
611,10497.7983021688,10486.640748,9982.41397495,11066.87630275,1084.4623278,18.0864987369,0.169630446097453
612,10515.8848009057,10504.8290925,9996.828287625,11087.751415,1090.923127375,18.0864987369,0.169630446097453
613,10533.9712996426,10523.430375,10011.434552125,11113.65963475,1102.225082625,18.6554620782,0.179821894978354
614,10552.6267617208,10540.2838375,10028.040012125,11132.62575325,1104.585741125,18.6554620782,0.179821894978354
615,10571.282223799,10555.50924,10045.561567375,11149.5282005,1103.966633125,18.6554620782,0.179821894978354
616,10589.9376858772,10576.93169,10058.564621625,11183.401003625,1124.836382,18.6554620782,0.179821894978354
617,10608.5931479554,10595.4870025,10070.378941125,11211.866803125,1141.487862,18.6554620782,0.179821894978354
618,10627.2486100336,10615.570625,10083.8621375,11241.4949979,1157.6328604,18.617204554975,0.151928758139526
619,10645.8658145886,10632.62049,10100.08484525,11257.156361875,1157.071516625,18.617204554975,0.151928758139526
620,10664.4830191436,10650.5608325,10115.099711625,11277.24833135,1162.148619725,18.617204554975,0.151928758139526
621,10683.1002236985,10670.775254,10131.37860725,11299.515544375,1168.136937125,18.617204554975,0.151928758139526
622,10701.7174282535,10687.98506,10144.3663995,11327.769666875,1183.403267375,18.617204554975,0.151928758139526
623,10720.3346328085,10706.3261375,10156.3290092625,11358.12544175,1201.7964324875,18.0893890289377,0.496100837830406
624,10738.4240218374,10721.8448575,10175.9343645,11374.4734816125,1198.5391171125,18.0893890289377,0.496100837830406
625,10756.5134108664,10737.761795,10190.720698275,11395.108207875,1204.3875096,18.0893890289377,0.496100837830406
626,10774.6027998953,10755.5033625,10207.5263728875,11415.1853754625,1207.659002575,18.0893890289377,0.496100837830406
627,10792.6921889243,10772.103165,10220.7882946375,11434.925707,1214.1374123625,18.0893890289377,0.496100837830406
628,10810.7815779532,10791.894185,10233.457554375,11460.582479625,1227.12492525,18.399405427175,0.157601601373516
629,10829.1809833804,10812.548205,10249.723072125,11475.923795,1226.200722875,18.399405427175,0.157601601373516
630,10847.5803888075,10831.7238925,10265.907961875,11496.8671035,1230.959141625,18.399405427175,0.157601601373516
631,10865.9797942347,10850.43031,10283.669820375,11520.37837925,1236.708558875,18.399405427175,0.157601601373516
632,10884.3791996619,10869.5793875,10295.407404,11543.889834,1248.48243,18.399405427175,0.157601601373516
633,10902.7786050891,10886.4520275,10310.668386875,11570.995937625,1260.32755075,18.648847786025,0.176502581862153
634,10921.4274528751,10907.44599925,10328.813377125,11599.88151575,1271.068138625,18.648847786025,0.176502581862153
635,10940.0763006611,10926.583528,10340.992480375,11619.70309775,1278.710617375,18.648847786025,0.176502581862153
636,10958.7251484471,10942.9653875,10358.632519,11645.6652334375,1287.0327144375,18.648847786025,0.176502581862153
637,10977.3739962332,10961.2776475,10374.6225,11673.565297875,1298.942797875,18.648847786025,0.176502581862153
638,10996.0228440192,10979.25104,10386.12130075,11707.228527875,1321.107227125,18.78852326125,0.140391069413991
639,11014.8113672804,10998.08826,10403.55277475,11728.7394635,1325.18668875,18.78852326125,0.140391069413991
640,11033.5998905417,11014.9347075,10413.681083475,11752.8265133375,1339.1454298625,18.78852326125,0.140391069413991
641,11052.3884138029,11034.4939225,10428.0359805,11774.8112668125,1346.7752863125,18.78852326125,0.140391069413991
642,11071.1769370642,11054.99307,10442.37792575,11803.024840625,1360.646914875,18.78852326125,0.140391069413991
643,11089.9654603254,11075.6104225,10454.031863875,11819.838532875,1365.806669,18.7987915951,0.181005754290279
644,11108.7642519205,11091.6475925,10469.843050875,11841.365529625,1371.52247875,18.7987915951,0.181005754290279
645,11127.5630435156,11111.28022,10482.248478125,11868.5197730738,1386.27129494875,18.7987915951,0.181005754290279
646,11146.3618351107,11131.75983975,10497.176704175,11886.742670125,1389.56596595,18.7987915951,0.181005754290279
647,11165.1606267058,11153.39258,10518.082388,11904.522657,1386.440269,18.7987915951,0.181005754290279
648,11183.9594183009,11172.0553775,10527.116667625,11924.43953975,1397.322872125,17.630087829535,0.268408751096107
649,11201.5895061305,11187.5858125,10547.20625605,11956.553933375,1409.347677325,17.630087829535,0.268408751096107
650,11219.21959396,11205.286415,10561.28778275,11969.06164175,1407.773859,17.630087829535,0.268408751096107
651,11236.8496817895,11222.5011475,10574.299818,11999.191517,1424.891699,17.630087829535,0.268408751096107
652,11254.4797696191,11240.34808,10593.748849025,12019.442223625,1425.6933746,17.630087829535,0.268408751096107
653,11272.1098574486,11259.942215,10603.9255269689,12041.4327445,1437.50721753113,18.70412640345,0.166833715526075
654,11290.8139838521,11278.2266,10622.365501,12065.719071625,1443.353570625,18.70412640345,0.166833715526075
655,11309.5181102555,11295.2082125,10637.14674,12086.99818125,1449.85144125,18.70412640345,0.166833715526075
656,11328.222236659,11315.06228,10647.2891713,12107.727741375,1460.438570075,18.70412640345,0.166833715526075
657,11346.9263630624,11329.994441,10653.964979,12129.0568454125,1475.0918664125,18.70412640345,0.166833715526075
658,11365.6304894659,11345.2331025,10669.218701375,12156.098770375,1486.880069,18.497399557225,0.165057682729715
659,11384.1278890231,11364.310725,10685.6353570125,12173.634125875,1487.9987688625,18.497399557225,0.165057682729715
660,11402.6252885803,11385.758494,10701.018697625,12190.608905125,1489.5902075,18.497399557225,0.165057682729715
661,11421.1226881375,11402.84459,10725.003362,12221.869608,1496.866246,18.497399557225,0.165057682729715
662,11439.6200876948,11419.78134,10739.755948625,12240.4262295,1500.670280875,18.497399557225,0.165057682729715
663,11458.117487252,11436.6235525,10757.392775625,12271.91329675,1514.520521125,18.17324535325,0.150596784994308
664,11476.2907326052,11454.4326925,10775.465703375,12289.993842875,1514.5281395,18.17324535325,0.150596784994308
665,11494.4639779585,11472.211475,10783.693225125,12307.7121254288,1524.01890030375,18.17324535325,0.150596784994308
666,11512.6372233117,11491.4283325,10804.0578018875,12331.2000524125,1527.142250525,18.17324535325,0.150596784994308
667,11530.810468665,11508.088809,10814.810824625,12356.6642954625,1541.8534708375,18.17324535325,0.150596784994308
668,11548.9837140182,11525.9297,10831.382357,12380.193685125,1548.811328125,18.611310034875,0.179083562825143
669,11567.5950240531,11546.74564,10844.798614625,12394.6659017,1549.867287075,18.611310034875,0.179083562825143
670,11586.206334088,11563.5592635,10861.887737,12411.87931305,1549.99157605,18.611310034875,0.179083562825143
671,11604.8176441229,11581.574275,10868.6264302861,12435.391719,1566.76528871387,18.611310034875,0.179083562825143
672,11623.4289541577,11599.143665,10888.25138675,12455.731721175,1567.480334425,18.611310034875,0.179083562825143
673,11642.0402641926,11618.318545,10905.54408675,12484.2297055,1578.68561875,18.978275539375,0.163995258712708
674,11661.018539732,11636.775985,10922.885882375,12507.363831375,1584.477949,18.978275539375,0.163995258712708
675,11679.9968152714,11655.53982,10939.58629775,12522.661992625,1583.075694875,18.978275539375,0.163995258712708
676,11698.9750908107,11672.616108,10958.774916875,12541.603359625,1582.82844275,18.978275539375,0.163995258712708
677,11717.9533663501,11691.2157725,10972.60318925,12570.883338875,1598.280149625,18.978275539375,0.163995258712708
678,11736.9316418895,11711.4620625,10985.539794,12596.667663,1611.127869,18.6522857188,0.155863525739234
679,11755.5839276083,11730.173321,11000.975651375,12623.6766703125,1622.7010189375,18.6522857188,0.155863525739234
680,11774.2362133271,11749.204634,11015.68671775,12642.578981,1626.89226325,18.6522857188,0.155863525739234
681,11792.8884990459,11769.3415075,11044.5473025,12667.385160375,1622.837857875,18.6522857188,0.155863525739234
682,11811.5407847647,11788.216475,11069.73035475,12696.86458175,1627.134227,18.6522857188,0.155863525739234
683,11830.1930704835,11805.60952,11082.27634025,12726.65069,1644.37434975,18.844056874525,0.153606442508721
684,11849.037127358,11824.1119825,11102.814926875,12746.912133375,1644.0972065,18.844056874525,0.153606442508721
685,11867.8811842325,11842.705611,11117.8597535,12751.496638575,1633.636885075,18.844056874525,0.153606442508721
686,11886.7252411071,11862.968445,11140.7357975,12775.244330875,1634.508533375,18.844056874525,0.153606442508721
687,11905.5692979816,11882.518315,11154.994677625,12797.2042255,1642.209547875,18.844056874525,0.153606442508721
688,11924.4133548561,11899.135155,11169.7832005,12822.499445375,1652.716244875,17.658384008475,0.161609581615896
689,11942.0717388646,11916.736875,11187.27326175,12840.2787332875,1653.0054715375,17.658384008475,0.161609581615896
690,11959.7301228731,11934.236245,11207.587370375,12852.659125,1645.071754625,17.658384008475,0.161609581615896
691,11977.3885068815,11953.8319755,11224.102966125,12863.364207125,1639.261241,17.658384008475,0.161609581615896
692,11995.04689089,11970.6819025,11234.55346275,12885.472479,1650.91901625,17.658384008475,0.161609581615896
693,12012.7052748985,11986.86722,11247.53908325,12908.07392375,1660.5348405,18.24549366415,0.164782903131169
694,12030.9507685626,12005.570715,11264.8953775,12932.406977125,1667.511599625,18.24549366415,0.164782903131169
695,12049.1962622268,12027.2565214,11285.03762125,12960.031087875,1674.993466625,18.24549366415,0.164782903131169
696,12067.4417558909,12045.2361705,11297.529499375,12979.21940975,1681.689910375,18.24549366415,0.164782903131169
697,12085.6872495551,12062.99853325,11309.7212310125,12998.4505477262,1688.72931671375,18.24549366415,0.164782903131169
698,12103.9327432192,12079.4884125,11322.53367475,13024.7622001988,1702.22852544875,18.65191764825,0.147737855539398
699,12122.5846608675,12098.5902425,11339.7854585,13045.479110375,1705.693651875,18.65191764825,0.147737855539398
700,12141.2365785157,12116.7527775,11360.682912625,13063.2179615,1702.535048875,18.65191764825,0.147737855539398
701,12159.888496164,12135.2740475,11370.912343875,13081.7662075,1710.853863625,18.65191764825,0.147737855539398
702,12178.5404138122,12153.2818625,11376.79683925,13110.23117725,1733.434338,18.65191764825,0.147737855539398
703,12197.1923314605,12170.9159575,11393.3564268625,13133.74076125,1740.3843343875,19.074941403,0.147008636915454
704,12216.2672728635,12192.8064775,11406.18576275,13150.874289125,1744.688526375,19.074941403,0.147008636915454
705,12235.3422142665,12210.068165,11423.093126375,13172.2320755,1749.138949125,19.074941403,0.147008636915454
706,12254.4171556695,12226.619385,11438.154526125,13196.161733,1758.007206875,19.074941403,0.147008636915454
707,12273.4920970725,12243.5924225,11457.5030331125,13220.535010875,1763.0319777625,19.074941403,0.147008636915454
708,12292.5670384755,12264.679435,11481.60107925,13250.22513725,1768.624058,18.5106058405,0.143029458911024
709,12311.077644316,12282.818115,11501.884578375,13273.264312125,1771.37973375,18.5106058405,0.143029458911024
710,12329.5882501565,12299.10679,11517.808073,13293.720138875,1775.912065875,18.5106058405,0.143029458911024
711,12348.098855997,12317.6702225,11534.607649,13318.672871725,1784.065222725,18.5106058405,0.143029458911024
712,12366.6094618375,12337.9860275,11558.748192875,13347.1406,1788.392407125,18.5106058405,0.143029458911024
713,12385.120067678,12358.640825,11576.611721375,13369.75308775,1793.141366375,18.2217019772,0.153285633029253
714,12403.3417696552,12375.203545,11592.503358875,13385.1362085,1792.632849625,18.2217019772,0.153285633029253
715,12421.5634716324,12391.948665,11601.375262125,13401.8940011712,1800.51873904625,18.2217019772,0.153285633029253
716,12439.7851736096,12409.7480725,11614.76617225,13433.809712375,1819.043540125,18.2217019772,0.153285633029253
717,12458.0068755868,12425.372165,11632.497834375,13449.950035,1817.452200625,18.2217019772,0.153285633029253
718,12476.228577564,12443.79461,11643.636532875,13480.172949875,1836.536417,18.60009423645,0.157136885917893
719,12494.8286718004,12461.08385,11666.54869,13492.794871625,1826.246181625,18.60009423645,0.157136885917893
720,12513.4287660369,12479.129265,11678.702616375,13516.052803875,1837.3501875,18.60009423645,0.157136885917893
721,12532.0288602733,12499.13204,11697.906561375,13535.63362195,1837.727060575,18.60009423645,0.157136885917893
722,12550.6289545098,12516.8750875,11714.212846125,13567.032653375,1852.81980725,18.60009423645,0.157136885917893
723,12569.2290487462,12533.63581,11729.506304375,13595.091170375,1865.584866,18.14689765725,0.144977227667718
724,12587.3759464035,12553.3440355,11749.660851875,13605.76219925,1856.101347375,18.14689765725,0.144977227667718
725,12605.5228440607,12571.3513175,11767.339229,13625.0771785,1857.7379495,18.14689765725,0.144977227667718
726,12623.669741718,12591.5072675,11778.678977625,13643.6114927125,1864.9325150875,18.14689765725,0.144977227667718
727,12641.8166393752,12609.3156125,11796.609527375,13669.352337425,1872.74281005,18.14689765725,0.144977227667718
728,12659.9635370325,12625.021465,11808.2576115,13687.4553455,1879.197734,18.87226689165,0.154629517141392
729,12678.8358039241,12646.76093325,11831.3465325,13714.73848475,1883.39195225,18.87226689165,0.154629517141392
730,12697.7080708158,12667.54873,11841.209371875,13728.056300625,1886.84692875001,18.87226689165,0.154629517141392
731,12716.5803377074,12682.426715,11856.006004375,13752.3857859125,1896.3797815375,18.87226689165,0.154629517141392
732,12735.4526045991,12701.5308525,11873.22699775,13777.038064375,1903.811066625,18.87226689165,0.154629517141392
733,12754.3248714907,12718.9913,11886.5287136625,13800.590851,1914.0621373375,18.012399895325,0.143598651909725
734,12772.3372713861,12739.786104975,11900.544489625,13824.29228875,1923.747799125,18.012399895325,0.143598651909725
735,12790.3496712814,12756.4737975,11923.648124625,13838.712573175,1915.06444855,18.012399895325,0.143598651909725
736,12808.3620711767,12771.8131275,11941.818729875,13864.39391825,1922.575188375,18.012399895325,0.143598651909725
737,12826.374471072,12791.8282975,11960.573109375,13891.240625875,1930.6675165,18.012399895325,0.143598651909725
738,12844.3868709674,12812.2778935,11965.763665875,13917.953775375,1952.1901095,18.23082938485,0.157170079611642
739,12862.6177003522,12829.160965,11985.9929076375,13934.37438545,1948.3814778125,18.23082938485,0.157170079611642
740,12880.8485297371,12843.5836225,11999.19191,13950.8940327125,1951.7021227125,18.23082938485,0.157170079611642
741,12899.0793591219,12858.16422,12016.22868875,13979.94790575,1963.719217,18.23082938485,0.157170079611642
742,12917.3101885068,12873.355377,12025.38804925,14004.0570195,1978.66897025,18.23082938485,0.157170079611642
743,12935.5410178916,12888.5943175,12031.977106125,14028.870132875,1996.89302675,18.460182926475,0.160205671270615
744,12954.0012008181,12906.75806,12056.3787961125,14043.91976075,1987.5409646375,18.460182926475,0.160205671270615
745,12972.4613837446,12923.118465,12080.8743117625,14064.31506825,1983.4407564875,18.460182926475,0.160205671270615
746,12990.921566671,12942.5174725,12099.339582875,14080.300208375,1980.9606255,18.460182926475,0.160205671270615
747,13009.3817495975,12959.8808865,12117.215874375,14109.446467875,1992.2305935,18.460182926475,0.160205671270615
748,13027.841932524,12977.75316625,12135.897981175,14137.909225625,2002.01124445,18.8658095841,0.154882626251116
749,13046.7077421081,12999.8211275,12157.629105,14150.25028925,1992.62118425,18.8658095841,0.154882626251116
750,13065.5735516922,13020.6334125,12171.720284375,14174.683524125,2002.96323975,18.8658095841,0.154882626251116
751,13084.4393612763,13042.8483925,12187.391669,14203.074807125,2015.683138125,18.8658095841,0.154882626251116
752,13103.3051708604,13063.7643475,12209.3280735,14230.949681375,2021.621607875,18.8658095841,0.154882626251116
753,13122.1709804445,13081.7538675,12217.15470925,14267.851128,2050.69641875,18.197297886075,0.162113361974202
754,13140.3682783306,13099.0385175,12234.831312625,14286.183892875,2051.35258025,18.197297886075,0.162113361974202
755,13158.5655762166,13115.7109075,12248.8077205,14299.996831875,2051.189111375,18.197297886075,0.162113361974202
756,13176.7628741027,13129.5440625,12259.163579375,14326.91480425,2067.751224875,18.197297886075,0.162113361974202
757,13194.9601719888,13151.340085,12277.7842407375,14349.08394575,2071.2997050125,18.197297886075,0.162113361974202
758,13213.1574698749,13171.5447275,12289.444013625,14364.372780125,2074.9287665,18.589977636,0.155088233535085
759,13231.7474475109,13187.395755,12307.898744875,14391.469630375,2083.5708855,18.589977636,0.155088233535085
760,13250.3374251469,13206.84874325,12327.17283525,14409.01488745,2081.8420522,18.589977636,0.155088233535085
761,13268.9274027829,13225.52007,12347.526785175,14424.02304595,2076.496260775,18.589977636,0.155088233535085
762,13287.5173804189,13246.7926275,12362.327898925,14441.53598625,2079.208087325,18.589977636,0.155088233535085
763,13306.1073580549,13266.7174585,12379.145830875,14466.561601,2087.415770125,18.128925331075,0.156297507125483
764,13324.2362833859,13284.8845335,12391.4483655,14484.843815,2093.3954495,18.128925331075,0.156297507125483
765,13342.365208717,13303.044395,12404.888842375,14507.699146,2102.810303625,18.128925331075,0.156297507125483
766,13360.4941340481,13319.5683775,12417.5303811125,14522.20794325,2104.6775621375,18.128925331075,0.156297507125483
767,13378.6230593792,13338.00104,12425.872261125,14546.326585425,2120.4543243,18.128925331075,0.156297507125483
768,13396.7519847102,13354.762365,12437.0671775,14573.022213375,2135.955035875,18.7748647518,0.15397225082156
769,13415.526849462,13372.9390425,12459.722238175,14610.87757525,2151.155337075,18.7748647518,0.15397225082156
770,13434.3017142138,13391.014705,12485.290313875,14631.2575972,2145.967283325,18.7748647518,0.15397225082156
771,13453.0765789656,13408.820805,12509.5645365,14639.788275075,2130.223738575,18.7748647518,0.15397225082156
772,13471.8514437174,13427.4830575,12522.12625225,14654.90665525,2132.780403,18.7748647518,0.15397225082156
773,13490.6263084692,13444.4265725,12539.5431585,14672.021110875,2132.477952375,18.35824170215,0.159147748498563
774,13508.9845501714,13462.0331225,12554.984842625,14697.888978125,2142.9041355,18.35824170215,0.159147748498563
775,13527.3427918735,13484.288455,12570.5389549875,14716.55881975,2146.0198647625,18.35824170215,0.159147748498563
776,13545.7010335757,13502.291615,12587.247721375,14734.477567,2147.229845625,18.35824170215,0.159147748498563
777,13564.0592752778,13519.27099,12600.5520674,14760.255439875,2159.703372475,18.35824170215,0.159147748498563
778,13582.41751698,13539.824185,12615.348401375,14783.410446125,2168.06204475,18.057400127895,0.221267675701763
779,13600.4749171079,13555.457575,12626.2819085,14790.559395375,2164.277486875,18.057400127895,0.221267675701763
780,13618.5323172358,13576.7303075,12651.939579125,14813.524918125,2161.585339,18.057400127895,0.221267675701763
781,13636.5897173637,13594.72261,12672.51639,14834.244366375,2161.727976375,18.057400127895,0.221267675701763
782,13654.6471174916,13609.9235275,12690.69177875,14842.468481,2151.77670225,18.057400127895,0.221267675701763
783,13672.7045176195,13625.61147,12698.859673025,14869.2546315,2170.394958475,19.02272097665,0.149389608455807
784,13691.7272385961,13649.7852875,12716.920668,14888.629063875,2171.708395875,19.02272097665,0.149389608455807
785,13710.7499595728,13667.52913,12734.268490875,14902.1872875,2167.918796625,19.02272097665,0.149389608455807
786,13729.7726805494,13685.7945675,12751.9168642625,14929.8030635,2177.8861992375,19.02272097665,0.149389608455807
787,13748.7954015261,13703.0678425,12764.346074875,14948.495132625,2184.14905775,19.02272097665,0.149389608455807
788,13767.8181225027,13725.0339575,12774.572088425,14969.65409125,2195.082002825,18.13276019855,0.152916695503618
789,13785.9508827013,13739.5301475,12804.410564125,14988.2024355,2183.791871375,18.13276019855,0.152916695503618
790,13804.0836428998,13757.2480125,12828.334062375,15010.355045875,2182.0209835,18.13276019855,0.152916695503618
791,13822.2164030984,13777.1532825,12839.778896125,15026.153363625,2186.3744675,18.13276019855,0.152916695503618
792,13840.3491632969,13794.8011925,12859.186905625,15045.428142875,2186.24123725,18.13276019855,0.152916695503618
793,13858.4819234955,13810.124905,12871.526299225,15073.29778325,2201.771484025,17.597505790925,0.159366995025283
794,13876.0794292864,13831.347685,12894.274749625,15093.597065375,2199.32231575,17.597505790925,0.159366995025283
795,13893.6769350773,13848.7908675,12907.10094525,15108.408853625,2201.307908375,17.597505790925,0.159366995025283
796,13911.2744408682,13866.78079,12921.065173375,15123.8145945,2202.749421125,17.597505790925,0.159366995025283
797,13928.8719466592,13884.5924075,12930.323540625,15140.044605875,2209.72106525,17.597505790925,0.159366995025283
798,13946.4694524501,13901.567715,12945.804386625,15159.75761475,2213.953228125,18.78221177065,0.176521844155961
799,13965.2516642207,13921.83956,12962.93684925,15189.247167625,2226.310318375,18.78221177065,0.176521844155961
800,13984.0338759914,13940.96413,12982.712754875,15208.693781875,2225.981027,18.78221177065,0.176521844155961
801,14002.816087762,13957.5417,12999.516084375,15240.1048205,2240.588736125,18.78221177065,0.176521844155961
802,14021.5982995327,13976.78019,13015.2174926375,15261.58503925,2246.3675466125,18.78221177065,0.176521844155961
803,14040.3805113033,13992.366895,13028.373911875,15283.142345125,2254.76843325,18.50803004305,0.154391231463663
804,14058.8885413464,14011.5885575,13049.946329175,15304.01466775,2254.068338575,18.50803004305,0.154391231463663
805,14077.3965713894,14029.434597,13063.447118875,15317.09571475,2253.648595875,18.50803004305,0.154391231463663
806,14095.9046014325,14047.28492,13077.15955905,15341.903937875,2264.744378825,18.50803004305,0.154391231463663
807,14114.4126314755,14065.5716675,13090.0159485,15370.54823925,2280.53229075,18.50803004305,0.154391231463663
808,14132.9206615186,14082.81548925,13097.645628375,15401.007158375,2303.36153,18.76256001225,0.168056418279172
809,14151.6832215308,14102.48937,13121.9211542625,15427.866073625,2305.9449193625,18.76256001225,0.168056418279172
810,14170.4457815431,14126.2627425,13136.853274875,15440.4143465,2303.561071625,18.76256001225,0.168056418279172
811,14189.2083415553,14140.7907725,13150.642427125,15459.149263875,2308.50683675,18.76256001225,0.168056418279172
812,14207.9709015676,14158.6165925,13170.626267375,15474.509685875,2303.8834185,18.76256001225,0.168056418279172
813,14226.7334615798,14175.730685,13183.837191,15497.870339125,2314.033148125,18.8735895126,0.159299620836169
814,14245.6070510924,14193.506355,13208.98692525,15512.777734875,2303.790809625,18.8735895126,0.159299620836169
815,14264.480640605,14208.21183425,13229.12600675,15526.94608075,2297.820074,18.8735895126,0.159299620836169
816,14283.3542301176,14228.35088825,13249.93126525,15539.676966125,2289.745700875,18.8735895126,0.159299620836169
817,14302.2278196302,14251.408015,13266.02401375,15551.0809395,2285.05692575,18.8735895126,0.159299620836169
818,14321.1014091428,14270.98956675,13282.040370375,15574.34308925,2292.302718875,18.106443198725,0.158499575077322
819,14339.2078523416,14288.870826,13296.291302125,15592.2834402263,2295.99213810125,18.106443198725,0.158499575077322
820,14357.3142955403,14305.6761375,13315.5724720375,15614.389128625,2298.8166565875,18.106443198725,0.158499575077322
821,14375.420738739,14325.512905,13331.937399,15634.101412125,2302.164013125,18.106443198725,0.158499575077322
822,14393.5271819377,14344.3580025,13342.734277,15663.80340075,2321.06912375,18.106443198725,0.158499575077322
823,14411.6336251365,14361.944872,13353.3380636625,15697.366825125,2344.0287614625,18.928241698775,0.142008650697815
824,14430.5618668352,14380.13625375,13372.123834625,15716.508288,2344.384453375,18.928241698775,0.142008650697815
825,14449.490108534,14401.751984,13391.683082375,15745.1495985,2353.466516125,18.928241698775,0.142008650697815
826,14468.4183502328,14420.2321175,13410.17759475,15766.161034125,2355.983439375,18.928241698775,0.142008650697815
827,14487.3465919316,14439.53189,13426.646007875,15799.404621,2372.758613125,18.928241698775,0.142008650697815
828,14506.2748336303,14457.6099975,13443.501692375,15818.20415475,2374.702462375,19.275328270975,0.156087436575413
829,14525.5501619013,14475.211115,13464.2485865,15844.87590025,2380.62731375,19.275328270975,0.156087436575413
830,14544.8254901723,14496.162095,13481.53369325,15858.901618825,2377.367925575,19.275328270975,0.156087436575413
831,14564.1008184433,14519.97525175,13493.55905025,15870.904492375,2377.345442125,19.275328270975,0.156087436575413
832,14583.3761467142,14540.5865375,13512.041453765,15880.512356375,2368.47090261,19.275328270975,0.156087436575413
833,14602.6514749852,14561.81180425,13536.310536625,15899.80160675,2363.491070125,18.2944812993,0.155598295653132
834,14620.9459562845,14576.556675,13555.07089075,15922.15516775,2367.084277,18.2944812993,0.155598295653132
835,14639.2404375838,14594.4941775,13580.100183875,15953.797608575,2373.6974247,18.2944812993,0.155598295653132
836,14657.5349188831,14608.8650025,13598.01447475,15973.519412,2375.50493725,18.2944812993,0.155598295653132
837,14675.8294001824,14625.5692875,13616.46418925,15996.95193775,2380.4877485,18.2944812993,0.155598295653132
838,14694.1238814817,14644.08458,13637.545698125,16021.437899375,2383.89220125,18.60585107115,0.148090512446705
839,14712.7297325529,14662.215385,13650.1378715,16032.806810375,2382.668938875,18.60585107115,0.148090512446705
840,14731.335583624,14680.747375,13666.889063875,16071.159567375,2404.2705035,18.60585107115,0.148090512446705
841,14749.9414346952,14699.8356525,13681.260356125,16083.433896,2402.173539875,18.60585107115,0.148090512446705
842,14768.5472857663,14719.396349,13696.9836835,16105.5479635,2408.56428,18.60585107115,0.148090512446705
843,14787.1531368375,14739.86408125,13712.15438075,16137.74499975,2425.590619,18.212219836025,0.157925128654285
844,14805.3653566735,14760.1430175,13733.3683001625,16154.521415125,2421.1531149625,18.212219836025,0.157925128654285
845,14823.5775765095,14776.7462075,13756.723401,16170.84260205,2414.11920105,18.212219836025,0.157925128654285
846,14841.7897963455,14791.87717,13769.640094625,16179.092294125,2409.4521995,18.212219836025,0.157925128654285
847,14860.0020161816,14811.7479175,13789.468770875,16199.59619275,2410.127421875,18.212219836025,0.157925128654285
848,14878.2142360176,14829.21385,13800.79984925,16232.518237125,2431.718387875,18.827616842375,0.175783724292127
849,14897.04185286,14847.2524275,13818.4342172125,16252.902260125,2434.4680429125,18.827616842375,0.175783724292127
850,14915.8694697023,14867.3101275,13841.1508667875,16265.03505975,2423.8841929625,18.827616842375,0.175783724292127
851,14934.6970865447,14884.23728,13862.7504256625,16291.5956255,2428.8451998375,18.827616842375,0.175783724292127
852,14953.5247033871,14899.7914825,13878.812043125,16314.2492885,2435.437245375,18.827616842375,0.175783724292127
853,14972.3523202295,14917.70651,13893.633020625,16340.480077875,2446.84705725,18.42063164445,0.152056569747707
854,14990.7729518739,14936.225895,13907.93837975,16351.885235625,2443.946855875,18.42063164445,0.152056569747707
855,15009.1935835184,14953.5004225,13927.4925219,16377.796622125,2450.304100225,18.42063164445,0.152056569747707
856,15027.6142151628,14970.8355425,13945.45099225,16403.0906575,2457.63966525,18.42063164445,0.152056569747707
857,15046.0348468073,14990.8493425,13965.630803,16415.0775413125,2449.4467383125,18.42063164445,0.152056569747707
858,15064.4554784517,15009.3015525,13979.387425725,16432.7419786875,2453.3545529625,18.6420416974,0.150185937120806
859,15083.0975201491,15027.66452,14003.589432875,16448.0428343125,2444.4534014375,18.6420416974,0.150185937120806
860,15101.7395618465,15050.7025905,14030.667588125,16469.1889812875,2438.5213931625,18.6420416974,0.150185937120806
861,15120.3816035439,15071.21392,14044.377445125,16503.75297275,2459.375527625,18.6420416974,0.150185937120806
862,15139.0236452413,15088.743365,14059.5926784625,16532.018692375,2472.4260139125,18.6420416974,0.150185937120806
863,15157.6656869387,15108.0460925,14071.811844375,16562.8627705,2491.050926125,18.611340199125,0.16574127974003
864,15176.2770271378,15123.393045,14089.7017112288,16573.02405475,2483.32234352125,18.611340199125,0.16574127974003
865,15194.888367337,15139.161755,14106.399731375,16594.4724561875,2488.0727248125,18.611340199125,0.16574127974003
866,15213.4997075361,15157.5797575,14126.968001375,16627.484642375,2500.51664100001,18.611340199125,0.16574127974003
867,15232.1110477352,15175.9745675,14142.825260875,16656.7302409,2513.904980025,18.611340199125,0.16574127974003
868,15250.7223879343,15196.217855,14157.947334,16665.46705025,2507.51971625,18.240518724025,0.170534980129068
869,15268.9629066584,15213.0672835,14172.38326175,16679.840518125,2507.457256375,18.240518724025,0.170534980129068
870,15287.2034253824,15233.9110625,14185.183695875,16703.9873305,2518.803634625,18.240518724025,0.170534980129068
871,15305.4439441064,15253.1233675,14199.484519375,16726.44880825,2526.964288875,18.240518724025,0.170534980129068
872,15323.6844628304,15272.48808675,14212.870764375,16745.807506625,2532.93674225,18.240518724025,0.170534980129068
873,15341.9249815545,15292.755795,14226.577991125,16770.120599,2543.542607875,17.7553238378,0.167915697652014
874,15359.6803053923,15310.0737175,14244.3508995,16782.26000625,2537.90910675,17.7553238378,0.167915697652014
875,15377.4356292301,15325.6102725,14260.8077785,16797.719441,2536.9116625,17.7553238378,0.167915697652014
876,15395.1909530679,15344.0609475,14282.081689,16809.0008955,2526.9192065,17.7553238378,0.167915697652014
877,15412.9462769057,15362.331455,14299.14466485,16828.983545625,2529.83888077501,17.7553238378,0.167915697652014
878,15430.7016007435,15376.7540525,14311.355076,16846.852333,2535.497257,18.539683599,0.146755701740045
879,15449.2412843425,15399.727895,14325.8090194689,16878.42966325,2552.62064378113,18.539683599,0.146755701740045
880,15467.7809679415,15419.6016,14348.815817,16899.9162210375,2551.1004040375,18.539683599,0.146755701740045
881,15486.3206515405,15437.2436875,14363.799031875,16928.82827925,2565.029247375,18.539683599,0.146755701740045
882,15504.8603351395,15455.92142,14379.66439875,16948.609067825,2568.944669075,18.539683599,0.146755701740045
883,15523.4000187385,15477.74759,14394.90486975,16982.8299082963,2587.92503854625,19.5324025063,0.155604308611303
884,15542.9324212448,15495.5443125,14417.3372184375,17007.7464369213,2590.40921848375,19.5324025063,0.155604308611303
885,15562.4648237511,15514.27799,14433.210145125,17031.6187454212,2598.40860029625,19.5324025063,0.155604308611303
886,15581.9972262574,15530.9524725,14450.195881875,17050.84000575,2600.644123875,19.5324025063,0.155604308611303
887,15601.5296287637,15548.366915,14468.7634925,17073.7107105,2604.947218,19.5324025063,0.155604308611303
888,15621.06203127,15567.3378975,14485.075853125,17092.260525,2607.184671875,18.8407224365,0.138675378636096
889,15639.9027537065,15589.2545,14503.6783565,17120.0412608038,2616.36290430375,18.8407224365,0.138675378636096
890,15658.743476143,15607.5995975,14528.588044375,17134.9734294288,2606.38538505375,18.8407224365,0.138675378636096
891,15677.5841985795,15625.0633325,14553.671968125,17181.44223975,2627.770271625,18.8407224365,0.138675378636096
892,15696.424921016,15643.0813525,14574.677550125,17203.964816625,2629.2872665,18.8407224365,0.138675378636096
893,15715.2656434525,15662.96145,14589.551060625,17225.207963875,2635.65690325,18.463026713725,0.167164732014619
894,15733.7286701662,15681.851585,14619.111889,17239.743263625,2620.631374625,18.463026713725,0.167164732014619
895,15752.1916968799,15705.8994275,14636.97877975,17253.530048375,2616.551268625,18.463026713725,0.167164732014619
896,15770.6547235936,15723.595305,14662.039499475,17270.291274625,2608.25177515,18.463026713725,0.167164732014619
897,15789.1177503074,15743.86691,14677.66963875,17295.088683,2617.41904425,18.463026713725,0.167164732014619
